{
  "linear_regression": {
    "mae": 28274872.78342423,
    "rmse": 48611593.009397395,
    "r2": 0.46749370130072987,
    "mape": 61.137295949714435,
    "cv_rmse": 55327736.38485318
  },
  "ridge": {
    "mae": 28326084.06942969,
    "rmse": 48730101.41184218,
    "r2": 0.4648941817498077,
    "mape": 61.51485488316651,
    "best_alpha": 1000.0,
    "cv_rmse": 55283964.4032273
  },
  "lasso": {
    "mae": 28274865.273208354,
    "rmse": 48611609.285358295,
    "r2": 0.46749334471693527,
    "mape": 61.13739059744495,
    "best_alpha": 100.0,
    "cv_rmse": 55327729.92095068
  },
  "random_forest": {
    "mae": 12997169.466935249,
    "rmse": 27642347.930312738,
    "r2": 0.8278151641589075,
    "mape": 21.011547892741742,
    "best_params": {
      "max_depth": null,
      "min_samples_leaf": 2,
      "min_samples_split": 2,
      "n_estimators": 200
    },
    "cv_rmse": 29901869.155787304
  }
}