{
  "model_type": "rf",
  "metrics": {
    "mae": 13106191.812676184,
    "rmse": 27822949.12190284,
    "r2": 0.8255578760310798,
    "mape": 21.151552244016113
  },
  "feature_names": [
    "都道府県_encoded",
    "市区町村_encoded",
    "地区名_encoded",
    "建物の構造_encoded",
    "用途_encoded",
    "土地面積",
    "建物面積",
    "築年数",
    "建ぺい率（％）",
    "容積率（％）"
  ],
  "training_date": "2025-06-14T09:48:35.212487",
  "model_size_mb": 118.81398105621338
}