{
  "model_type": "rf",
  "metrics": {
    "mae": 13687537.182733255,
    "rmse": 28331550.25051489,
    "r2": 0.819122011084217,
    "mape": 22.26391602328394
  },
  "feature_names": [
    "都道府県_encoded",
    "市区町村_encoded",
    "地区名_encoded",
    "建物の構造_encoded",
    "用途_encoded",
    "土地面積",
    "建物面積",
    "築年数",
    "建ぺい率（％）",
    "容積率（％）"
  ],
  "training_date": "2025-06-14T10:02:34.931546",
  "model_size_mb": 25.85243320465088
}